Data Transfer (sec),Query Processing (sec),to_spark_DF (sec)
9.520939,0.15827812,0.25201496
2.2753804,0.1166197,0.15312614
4.1730824,0.14898494,0.07660148
6.3225574,0.19389072,0.04547576
1.1799456,0.25093392,0.04116692
0.001566979,0.062416516,0.019308254
0.004513149,0.1735714,0.07839427
1.1572896,0.19526243,0.03882184
0.5938314,0.87598217,0.056659903
2.2706566,0.1806126,0.15162213
0.3620145,0.041829504,0.05308348
2.7212954,0.18247406,0.06816519
